{
    "x": 0,
    "y": 6,
    "z": 0,
    "yaw": -136.1316375732422,
    "pitch": 48.58434295654297,
    "flags": 0,
    "teleportId": 2,
    "dismountVehicle": true
}