{
    "entityId": 7681,
    "objectUUID": "10c3a0d4-bed4-463c-8b1f-7054eec06d58",
    "type": 2,
    "x": -1.337890625,
    "y": -60,
    "z": -12.0751953125,
    "pitch": 0,
    "yaw": -103,
    "objectData": 0,
    "velocityX": 0,
    "velocityY": -960,
    "velocityZ": 0
}