{
    "entityId": 7681,
    "objectUUID": "10c3a0d4-bed4-463c-8b1f-7054eec06d58",
    "type": 37,
    "x": 4.182373046875,
    "y": 7.31982421875,
    "z": -3.167236328125,
    "pitch": 0,
    "yaw": -103,
    "objectData": 0,
    "velocityX": -1147,
    "velocityY": -181,
    "velocityZ": -1852
}