{
    "entityId": 7681,
    "objectUUID": "10c3a0d4-bed4-463c-8b1f-7054eec06d58",
    "type": 34,
    "x": -1.319580078125,
    "y": -60,
    "z": -12.046875,
    "pitch": 0,
    "yaw": -103,
    "objectData": 0,
    "velocityX": -56,
    "velocityY": 0,
    "velocityZ": -91
}