{
    "entityId": 42,
    "entityUUID": "0fa82dc0-5f6b-4925-8aca-ecf49f7627e6",
    "type": 20,
    "x": -54.636817230878044,
    "y": 121.54071088336556,
    "z": 32.85545569445057,
    "yaw": 58,
    "pitch": 0,
    "headPitch": 5,
    "velocityX": 3938,
    "velocityY": -485,
    "velocityZ": -2155
}