{
    "entityId": 37,
    "x": 36.97410972468371,
    "y": 59,
    "z": 0.4998730116482521,
    "yaw": -64,
    "pitch": 0,
    "onGround": true
}